{"cameraMode":{"drawMode":0,"name":"Shaded","section":"Shading Mode"},"sceneLighting":false,"audioPlay":false,"sceneViewState":{"m_AlwaysRefresh":false,"showFog":true,"showSkybox":false,"showFlares":true,"showImageEffects":true,"showParticleSystems":true,"showVisualEffectGraphs":true,"m_FxEnabled":true},"in2DMode":false,"pivot":{"x":80.75823974609375,"y":9.224842071533204,"z":-0.5627793073654175},"rotation":{"x":0.040049292147159579,"y":-0.08025252819061279,"z":-0.003235148498788476,"w":-0.9959744215011597},"size":2.3332161903381349,"orthographic":false}